/*!999999\- enable the sandbox mode */ 
-- MariaDB dump 10.19  Distrib 10.6.18-MariaDB, for debian-linux-gnu (x86_64)
--
-- Host: localhost    Database: scandiweb_test
-- ------------------------------------------------------
-- Server version	10.6.18-MariaDB-0ubuntu0.22.04.1

/*!40101 SET @OLD_CHARACTER_SET_CLIENT=@@CHARACTER_SET_CLIENT */;
/*!40101 SET @OLD_CHARACTER_SET_RESULTS=@@CHARACTER_SET_RESULTS */;
/*!40101 SET @OLD_COLLATION_CONNECTION=@@COLLATION_CONNECTION */;
/*!40101 SET NAMES utf8mb4 */;
/*!40103 SET @OLD_TIME_ZONE=@@TIME_ZONE */;
/*!40103 SET TIME_ZONE='+00:00' */;
/*!40014 SET @OLD_UNIQUE_CHECKS=@@UNIQUE_CHECKS, UNIQUE_CHECKS=0 */;
/*!40014 SET @OLD_FOREIGN_KEY_CHECKS=@@FOREIGN_KEY_CHECKS, FOREIGN_KEY_CHECKS=0 */;
/*!40101 SET @OLD_SQL_MODE=@@SQL_MODE, SQL_MODE='NO_AUTO_VALUE_ON_ZERO' */;
/*!40111 SET @OLD_SQL_NOTES=@@SQL_NOTES, SQL_NOTES=0 */;

--
-- Table structure for table `attribute`
--

DROP TABLE IF EXISTS `attribute`;
/*!40101 SET @saved_cs_client     = @@character_set_client */;
/*!40101 SET character_set_client = utf8 */;
CREATE TABLE `attribute` (
  `id` int(11) NOT NULL AUTO_INCREMENT,
  `attributeSetId` int(11) DEFAULT NULL,
  `attId` varchar(255) DEFAULT NULL,
  `value` varchar(255) DEFAULT NULL,
  `displayValue` varchar(255) DEFAULT NULL,
  PRIMARY KEY (`id`),
  KEY `attributeSetId` (`attributeSetId`),
  CONSTRAINT `attribute_ibfk_1` FOREIGN KEY (`attributeSetId`) REFERENCES `attributeSet` (`id`)
) ENGINE=InnoDB AUTO_INCREMENT=36 DEFAULT CHARSET=utf8mb4 COLLATE=utf8mb4_general_ci;
/*!40101 SET character_set_client = @saved_cs_client */;

--
-- Dumping data for table `attribute`
--

LOCK TABLES `attribute` WRITE;
/*!40000 ALTER TABLE `attribute` DISABLE KEYS */;
INSERT INTO `attribute` VALUES (1,1,'40','40','40'),(2,1,'41','41','41'),(3,1,'42','42','42'),(4,1,'43','43','43'),(5,2,'Small','S','Small'),(6,2,'Medium','M','Medium'),(7,2,'Large','L','Large'),(8,2,'Extra Large','XL','Extra Large'),(9,3,'Green','#44FF03','Green'),(10,3,'Cyan','#03FFF7','Cyan'),(11,3,'Blue','#030BFF','Blue'),(12,3,'Black','#000000','Black'),(13,3,'White','#FFFFFF','White'),(14,4,'512G','512G','512G'),(15,4,'1T','1T','1T'),(16,5,'256GB','256GB','256GB'),(17,5,'512GB','512GB','512GB'),(18,6,'Yes','Yes','Yes'),(19,6,'No','No','No'),(20,7,'Yes','Yes','Yes'),(21,7,'No','No','No'),(22,8,'512G','512G','512G'),(23,8,'1T','1T','1T'),(24,9,'Green','#44FF03','Green'),(25,9,'Cyan','#03FFF7','Cyan'),(26,9,'Blue','#030BFF','Blue'),(27,9,'Black','#000000','Black'),(28,9,'White','#FFFFFF','White'),(29,10,'Green','#44FF03','Green'),(30,10,'Cyan','#03FFF7','Cyan'),(31,10,'Blue','#030BFF','Blue'),(32,10,'Black','#000000','Black'),(33,10,'White','#FFFFFF','White'),(34,11,'512G','512G','512G'),(35,11,'1T','1T','1T');
/*!40000 ALTER TABLE `attribute` ENABLE KEYS */;
UNLOCK TABLES;

--
-- Table structure for table `attributeSet`
--

DROP TABLE IF EXISTS `attributeSet`;
/*!40101 SET @saved_cs_client     = @@character_set_client */;
/*!40101 SET character_set_client = utf8 */;
CREATE TABLE `attributeSet` (
  `id` int(11) NOT NULL AUTO_INCREMENT,
  `productId` int(11) DEFAULT NULL,
  `setId` varchar(255) DEFAULT NULL,
  `name` varchar(255) DEFAULT NULL,
  `type` text DEFAULT NULL,
  PRIMARY KEY (`id`),
  KEY `productId` (`productId`),
  CONSTRAINT `attributeSet_ibfk_1` FOREIGN KEY (`productId`) REFERENCES `products` (`id`)
) ENGINE=InnoDB AUTO_INCREMENT=12 DEFAULT CHARSET=utf8mb4 COLLATE=utf8mb4_general_ci;
/*!40101 SET character_set_client = @saved_cs_client */;

--
-- Dumping data for table `attributeSet`
--

LOCK TABLES `attributeSet` WRITE;
/*!40000 ALTER TABLE `attributeSet` DISABLE KEYS */;
INSERT INTO `attributeSet` VALUES (1,6,'Size','Size','text'),(2,7,'Size','Size','text'),(3,8,'Color','Color','swatch'),(4,8,'Capacity','Capacity','text'),(5,9,'Capacity','Capacity','text'),(6,9,'With USB 3 ports','With USB 3 ports','text'),(7,9,'Touch ID in keyboard','Touch ID in keyboard','text'),(8,10,'Capacity','Capacity','text'),(9,10,'Color','Color','swatch'),(10,NULL,'Color','Color','swatch'),(11,NULL,'Capacity','Capacity','text');
/*!40000 ALTER TABLE `attributeSet` ENABLE KEYS */;
UNLOCK TABLES;

--
-- Table structure for table `brands`
--

DROP TABLE IF EXISTS `brands`;
/*!40101 SET @saved_cs_client     = @@character_set_client */;
/*!40101 SET character_set_client = utf8 */;
CREATE TABLE `brands` (
  `id` int(11) NOT NULL AUTO_INCREMENT,
  `name` varchar(255) NOT NULL,
  PRIMARY KEY (`id`)
) ENGINE=InnoDB AUTO_INCREMENT=22 DEFAULT CHARSET=utf8mb4 COLLATE=utf8mb4_general_ci;
/*!40101 SET character_set_client = @saved_cs_client */;

--
-- Dumping data for table `brands`
--

LOCK TABLES `brands` WRITE;
/*!40000 ALTER TABLE `brands` DISABLE KEYS */;
INSERT INTO `brands` VALUES (17,'Nike x Stussy'),(18,'Canada Goose'),(19,'Sony'),(20,'Apple'),(21,'Microsoft');
/*!40000 ALTER TABLE `brands` ENABLE KEYS */;
UNLOCK TABLES;

--
-- Table structure for table `categories`
--

DROP TABLE IF EXISTS `categories`;
/*!40101 SET @saved_cs_client     = @@character_set_client */;
/*!40101 SET character_set_client = utf8 */;
CREATE TABLE `categories` (
  `id` int(11) NOT NULL AUTO_INCREMENT,
  `name` varchar(255) NOT NULL,
  PRIMARY KEY (`id`),
  UNIQUE KEY `name` (`name`)
) ENGINE=InnoDB AUTO_INCREMENT=19 DEFAULT CHARSET=utf8mb4 COLLATE=utf8mb4_general_ci;
/*!40101 SET character_set_client = @saved_cs_client */;

--
-- Dumping data for table `categories`
--

LOCK TABLES `categories` WRITE;
/*!40000 ALTER TABLE `categories` DISABLE KEYS */;
INSERT INTO `categories` VALUES (17,'clothes'),(18,'tech');
/*!40000 ALTER TABLE `categories` ENABLE KEYS */;
UNLOCK TABLES;

--
-- Table structure for table `currency`
--

DROP TABLE IF EXISTS `currency`;
/*!40101 SET @saved_cs_client     = @@character_set_client */;
/*!40101 SET character_set_client = utf8 */;
CREATE TABLE `currency` (
  `id` int(11) NOT NULL AUTO_INCREMENT,
  `label` varchar(255) DEFAULT NULL,
  `symbol` varchar(10) DEFAULT NULL,
  PRIMARY KEY (`id`)
) ENGINE=InnoDB AUTO_INCREMENT=7 DEFAULT CHARSET=utf8mb4 COLLATE=utf8mb4_general_ci;
/*!40101 SET character_set_client = @saved_cs_client */;

--
-- Dumping data for table `currency`
--

LOCK TABLES `currency` WRITE;
/*!40000 ALTER TABLE `currency` DISABLE KEYS */;
INSERT INTO `currency` VALUES (6,'USD','$');
/*!40000 ALTER TABLE `currency` ENABLE KEYS */;
UNLOCK TABLES;

--
-- Table structure for table `gallery`
--

DROP TABLE IF EXISTS `gallery`;
/*!40101 SET @saved_cs_client     = @@character_set_client */;
/*!40101 SET character_set_client = utf8 */;
CREATE TABLE `gallery` (
  `id` int(11) NOT NULL AUTO_INCREMENT,
  `productId` int(11) DEFAULT NULL,
  `imagePath` varchar(255) DEFAULT NULL,
  PRIMARY KEY (`id`),
  KEY `productId` (`productId`),
  CONSTRAINT `gallery_ibfk_1` FOREIGN KEY (`productId`) REFERENCES `products` (`id`)
) ENGINE=InnoDB AUTO_INCREMENT=27 DEFAULT CHARSET=utf8mb4 COLLATE=utf8mb4_general_ci;
/*!40101 SET character_set_client = @saved_cs_client */;

--
-- Dumping data for table `gallery`
--

LOCK TABLES `gallery` WRITE;
/*!40000 ALTER TABLE `gallery` DISABLE KEYS */;
INSERT INTO `gallery` VALUES (1,6,'https://cdn.shopify.com/s/files/1/0087/6193/3920/products/DD1381200_DEOA_2_720x.jpg?v=1612816087'),(2,6,'https://cdn.shopify.com/s/files/1/0087/6193/3920/products/DD1381200_DEOA_1_720x.jpg?v=1612816087'),(3,6,'https://cdn.shopify.com/s/files/1/0087/6193/3920/products/DD1381200_DEOA_3_720x.jpg?v=1612816087'),(4,6,'https://cdn.shopify.com/s/files/1/0087/6193/3920/products/DD1381200_DEOA_5_720x.jpg?v=1612816087'),(5,6,'https://cdn.shopify.com/s/files/1/0087/6193/3920/products/DD1381200_DEOA_4_720x.jpg?v=1612816087'),(6,7,'https://images.canadagoose.com/image/upload/w_480,c_scale,f_auto,q_auto:best/v1576016105/product-image/2409L_61.jpg'),(7,7,'https://images.canadagoose.com/image/upload/w_480,c_scale,f_auto,q_auto:best/v1576016107/product-image/2409L_61_a.jpg'),(8,7,'https://images.canadagoose.com/image/upload/w_480,c_scale,f_auto,q_auto:best/v1576016108/product-image/2409L_61_b.jpg'),(9,7,'https://images.canadagoose.com/image/upload/w_480,c_scale,f_auto,q_auto:best/v1576016109/product-image/2409L_61_c.jpg'),(10,7,'https://images.canadagoose.com/image/upload/w_480,c_scale,f_auto,q_auto:best/v1576016110/product-image/2409L_61_d.jpg'),(11,7,'https://images.canadagoose.com/image/upload/w_1333,c_scale,f_auto,q_auto:best/v1634058169/product-image/2409L_61_o.png'),(12,7,'https://images.canadagoose.com/image/upload/w_1333,c_scale,f_auto,q_auto:best/v1634058159/product-image/2409L_61_p.png'),(13,8,'https://images-na.ssl-images-amazon.com/images/I/510VSJ9mWDL._SL1262_.jpg'),(14,8,'https://images-na.ssl-images-amazon.com/images/I/610%2B69ZsKCL._SL1500_.jpg'),(15,8,'https://images-na.ssl-images-amazon.com/images/I/51iPoFwQT3L._SL1230_.jpg'),(16,8,'https://images-na.ssl-images-amazon.com/images/I/61qbqFcvoNL._SL1500_.jpg'),(17,8,'https://images-na.ssl-images-amazon.com/images/I/51HCjA3rqYL._SL1230_.jpg'),(18,9,'https://store.storeimages.cdn-apple.com/4982/as-images.apple.com/is/imac-24-blue-selection-hero-202104?wid=904&hei=840&fmt=jpeg&qlt=80&.v=1617492405000'),(19,10,'https://store.storeimages.cdn-apple.com/4982/as-images.apple.com/is/iphone-12-pro-family-hero?wid=940&amp;hei=1112&amp;fmt=jpeg&amp;qlt=80&amp;.v=1604021663000'),(20,11,'https://store.storeimages.cdn-apple.com/4982/as-images.apple.com/is/airtag-double-select-202104?wid=445&hei=370&fmt=jpeg&qlt=95&.v=1617761672000'),(21,NULL,'https://images-na.ssl-images-amazon.com/images/I/71vPCX0bS-L._SL1500_.jpg'),(22,NULL,'https://images-na.ssl-images-amazon.com/images/I/71q7JTbRTpL._SL1500_.jpg'),(23,NULL,'https://images-na.ssl-images-amazon.com/images/I/71iQ4HGHtsL._SL1500_.jpg'),(24,NULL,'https://images-na.ssl-images-amazon.com/images/I/61IYrCrBzxL._SL1500_.jpg'),(25,NULL,'https://images-na.ssl-images-amazon.com/images/I/61RnXmpAmIL._SL1500_.jpg'),(26,NULL,'https://store.storeimages.cdn-apple.com/4982/as-images.apple.com/is/MWP22?wid=572&hei=572&fmt=jpeg&qlt=95&.v=1591634795000');
/*!40000 ALTER TABLE `gallery` ENABLE KEYS */;
UNLOCK TABLES;

--
-- Table structure for table `prices`
--

DROP TABLE IF EXISTS `prices`;
/*!40101 SET @saved_cs_client     = @@character_set_client */;
/*!40101 SET character_set_client = utf8 */;
CREATE TABLE `prices` (
  `id` int(11) NOT NULL AUTO_INCREMENT,
  `productId` int(11) DEFAULT NULL,
  `amount` float DEFAULT NULL,
  `currencyId` int(11) DEFAULT NULL,
  PRIMARY KEY (`id`),
  KEY `productId` (`productId`),
  KEY `currencyId` (`currencyId`),
  CONSTRAINT `prices_ibfk_1` FOREIGN KEY (`productId`) REFERENCES `products` (`id`),
  CONSTRAINT `prices_ibfk_2` FOREIGN KEY (`currencyId`) REFERENCES `currency` (`id`)
) ENGINE=InnoDB AUTO_INCREMENT=9 DEFAULT CHARSET=utf8mb4 COLLATE=utf8mb4_general_ci;
/*!40101 SET character_set_client = @saved_cs_client */;

--
-- Dumping data for table `prices`
--

LOCK TABLES `prices` WRITE;
/*!40000 ALTER TABLE `prices` DISABLE KEYS */;
INSERT INTO `prices` VALUES (1,6,144.69,6),(2,7,518.47,6),(3,8,844.02,6),(4,9,1688.03,6),(5,10,1000.76,6),(6,11,120.57,6),(7,NULL,333.99,6),(8,NULL,300.23,6);
/*!40000 ALTER TABLE `prices` ENABLE KEYS */;
UNLOCK TABLES;

--
-- Table structure for table `products`
--

DROP TABLE IF EXISTS `products`;
/*!40101 SET @saved_cs_client     = @@character_set_client */;
/*!40101 SET character_set_client = utf8 */;
CREATE TABLE `products` (
  `id` int(11) NOT NULL AUTO_INCREMENT,
  `name` varchar(255) NOT NULL,
  `inStock` tinyint(1) NOT NULL,
  `description` varchar(255) DEFAULT NULL,
  `categoryId` int(11) DEFAULT NULL,
  `brandId` int(11) DEFAULT NULL,
  `productId` varchar(255) DEFAULT NULL,
  PRIMARY KEY (`id`),
  KEY `categoryId` (`categoryId`),
  KEY `brandId` (`brandId`),
  CONSTRAINT `products_ibfk_1` FOREIGN KEY (`categoryId`) REFERENCES `categories` (`id`),
  CONSTRAINT `products_ibfk_2` FOREIGN KEY (`brandId`) REFERENCES `brands` (`id`)
) ENGINE=InnoDB AUTO_INCREMENT=12 DEFAULT CHARSET=utf8mb4 COLLATE=utf8mb4_general_ci;
/*!40101 SET character_set_client = @saved_cs_client */;

--
-- Dumping data for table `products`
--

LOCK TABLES `products` WRITE;
/*!40000 ALTER TABLE `products` DISABLE KEYS */;
INSERT INTO `products` VALUES (6,'Nike Air Huarache Le',1,'<p>Great sneakers for everyday use!</p>',17,17,'huarache-x-stussy-le'),(7,'Jacket',1,'<p>Awesome winter jacket</p>',17,18,'jacket-canada-goosee'),(8,'PlayStation 5',1,'<p>A good gaming console. Plays games of PS4! Enjoy if you can buy it mwahahahaha</p>',18,19,'ps-5'),(9,'iMac 2021',1,'The new iMac!',18,20,'apple-imac-2021'),(10,'iPhone 12 Pro',1,'This is iPhone 12. Nothing else to say.',18,20,'apple-iphone-12-pro'),(11,'AirTag',1,'<h1>Lose your knack for losing things.</h1><p>AirTag is an easy way to keep track of your stuff. Attach one to your keys, slip another one in your backpack. And just like that, they’re on your radar in the Find My app. AirTag has your back.</p>',18,20,'apple-airtag');
/*!40000 ALTER TABLE `products` ENABLE KEYS */;
UNLOCK TABLES;
/*!40103 SET TIME_ZONE=@OLD_TIME_ZONE */;

/*!40101 SET SQL_MODE=@OLD_SQL_MODE */;
/*!40014 SET FOREIGN_KEY_CHECKS=@OLD_FOREIGN_KEY_CHECKS */;
/*!40014 SET UNIQUE_CHECKS=@OLD_UNIQUE_CHECKS */;
/*!40101 SET CHARACTER_SET_CLIENT=@OLD_CHARACTER_SET_CLIENT */;
/*!40101 SET CHARACTER_SET_RESULTS=@OLD_CHARACTER_SET_RESULTS */;
/*!40101 SET COLLATION_CONNECTION=@OLD_COLLATION_CONNECTION */;
/*!40111 SET SQL_NOTES=@OLD_SQL_NOTES */;

-- Dump completed on 2024-09-11 23:13:50
